{"val_acc":80.08849557522124,"epoch":50,"_timestamp":1.7651504339885006e+09,"_step":49,"train_loss":0.45001657358531294,"_wandb":{"runtime":3481},"_runtime":3481,"val_loss":0.5454155951738358}