{"_step":19,"_wandb":{"runtime":2102},"_runtime":2102,"train_loss":0.0798840022099943,"val_loss":0.5362609345465899,"val_acc":97.78761061946902,"epoch":20,"_timestamp":1.7649675245595367e+09}