{"train_loss":0.6202364111768788,"val_loss":0.6856377869844437,"val_acc":78.76106194690266,"_wandb":{"runtime":3379},"_runtime":3379,"epoch":50,"_timestamp":1.765143471927672e+09,"_step":49}