{"_wandb":{"runtime":10091},"_runtime":10091,"val_loss":3.8649706840515137,"val_acc":81.41592920353982,"epoch":150,"_timestamp":1.7650553591292183e+09,"_step":149,"train_loss":0.287122649365458}