{"_timestamp":1.7651366189681115e+09,"_step":11,"train_loss":0.63759678499452,"val_loss":0.6445379704236984,"_wandb":{"runtime":894},"_runtime":894,"val_acc":76.54867256637168,"epoch":12}