{"_runtime":3385,"train_loss":0.4395396452525566,"val_loss":0.5255264714360237,"val_acc":80.97345132743362,"epoch":50,"_timestamp":1.7651400898197527e+09,"_step":49,"_wandb":{"runtime":3385}}