{"_step":49,"train_loss":0.35636253038357046,"val_loss":0.4671571906656027,"val_acc":84.51327433628319,"_wandb":{"runtime":3475},"_runtime":3475,"epoch":50,"_timestamp":1.7651469498385086e+09}