{"_wandb":{"runtime":2026},"_runtime":2026,"_step":19,"train_loss":0.062336383002071546,"val_loss":0.07438269490376115,"val_acc":98.23008849557522,"epoch":20,"_timestamp":1.7652249006179116e+09}