{"_wandb":{"runtime":1185},"_runtime":1185,"_step":16,"train_loss":0.8529584387253071,"val_loss":0.9471317455172539,"val_acc":66.3716814159292,"_timestamp":1.7651356931754189e+09}