{"_step":29,"train_loss":0.412908342891726,"val_loss":3.8162068650126457,"val_acc":84.51327433628319,"epoch":30,"_wandb":{"runtime":2067},"_runtime":2067,"_timestamp":1.7649783404482622e+09}