{"_runtime":1362,"_wandb":{"runtime":1362},"val_acc":78.76106194690266,"_timestamp":1.76513455316076e+09,"_step":19,"train_loss":0.5678227369127602,"val_loss":0.5908079296350479}