{"epoch":50,"_timestamp":1.7651539754713528e+09,"_step":49,"_runtime":3539,"_wandb":{"runtime":3539},"train_loss":0.2955043965886379,"val_loss":0.4469371847808361,"val_acc":84.95575221238938}