{"val_acc":80.97345132743362,"_wandb":{"runtime":118},"_runtime":118,"epoch":1,"_timestamp":1.764965215155142e+09,"_step":0,"train_loss":1.6823198137612179,"val_loss":12.146400690078735}